日期,开盘,最高,最低,收盘,成交量,amount,outstanding_share,turnover
2023-01-03,10.29,10.3,10.11,10.28,52415335.0,534331246.0,12740081636.0,0.004114207153264116
2023-01-04,10.22,10.26,10.18,10.23,45051568.0,460129523.0,12740081636.0,0.0035362071678329394
2023-01-05,10.26,10.28,10.2,10.23,47590242.0,487202320.0,12740081636.0,0.0037354738658442297
2023-01-06,10.26,10.34,10.23,10.26,49992909.0,513293537.0,12740081636.0,0.0039240650435656286
2023-01-09,10.23,10.26,10.15,10.23,55633774.0,567871833.0,12740081636.0,0.004366830259768047
2023-01-10,10.25,10.26,10.16,10.19,41492189.0,422744530.0,12740081636.0,0.003256822851335142
2023-01-11,10.19,10.28,10.14,10.15,49979400.0,510180413.0,12740081636.0,0.003923004689292715
2023-01-12,10.17,10.19,9.98,10.06,67375633.0,676701742.0,12740081636.0,0.0052884773367240295
2023-01-13,10.04,10.14,10.04,10.13,48332444.0,488024532.0,12740081636.0,0.0037937311063553692
2023-01-16,10.09,10.27,10.04,10.2,70899920.0,722370789.0,12740081636.0,0.005565107196774638
2023-01-17,10.21,10.28,10.18,10.27,54074496.0,553983468.0,12740081636.0,0.004244438736342176
2023-01-18,10.24,10.3,10.22,10.26,37069764.0,380418390.0,12740081636.0,0.0029096959547928597
2023-01-19,10.24,10.28,10.18,10.27,44874549.0,458730615.0,12740081636.0,0.0035223125158944627
2023-01-20,10.27,10.43,10.26,10.42,70148167.0,727222824.0,12740081636.0,0.005506100275039085
2023-01-30,10.5,10.53,10.38,10.42,90986934.0,949268570.0,12740081636.0,0.007141785790673092
2023-01-31,10.41,10.68,10.37,10.63,101884064.0,1075580878.0,12740309006.0,0.007996985312681042
2023-02-01,10.64,10.89,10.64,10.84,105236783.0,1135392681.0,12740309006.0,0.008260143686502356
2023-02-02,10.93,10.93,10.77,10.83,71665809.0,776726680.0,12740309006.0,0.005625123296950589
2023-02-03,10.85,10.86,10.55,10.65,85104821.0,906985127.0,12740309006.0,0.006679965215908045
2023-02-06,10.59,10.72,10.52,10.68,53494499.0,569058453.0,12740309006.0,0.004198838424939848
2023-02-07,10.68,10.74,10.6,10.7,48341561.0,516733896.0,12740309006.0,0.0037943790042481488
2023-02-08,10.69,10.84,10.68,10.78,59690782.0,643044592.0,12740309006.0,0.004685191071259641
2023-02-09,10.78,10.93,10.74,10.91,69376349.0,754577263.0,12740309006.0,0.005445421219165679
2023-02-10,10.91,10.91,10.76,10.83,56949314.0,616660163.0,12740309006.0,0.004470010419149169
2023-02-13,10.82,10.83,10.72,10.77,54489721.0,586087124.0,12740309006.0,0.0042769544266421065
2023-02-14,10.78,10.84,10.75,10.79,38737327.0,417763686.0,12740309006.0,0.0030405327674357667
2023-02-15,10.77,10.78,10.66,10.7,55751939.0,596554081.0,12740309006.0,0.004376027219884842
2023-02-16,10.71,10.84,10.53,10.62,79667683.0,854678135.0,12740309006.0,0.006253198643963879
2023-02-17,10.56,10.72,10.56,10.57,53676678.0,570736660.0,12740309006.0,0.004213137842631696
2023-02-20,10.56,10.71,10.46,10.66,72249433.0,763573824.0,12740309006.0,0.005670932546924443
2023-02-21,10.67,10.92,10.64,10.86,92492962.0,1001133678.0,12740309006.0,0.007259868026469436
2023-02-22,10.8,10.9,10.76,10.84,53785773.0,582268874.0,12740309006.0,0.004221700821751638
2023-02-23,10.84,10.87,10.76,10.77,54242120.0,585806983.0,12740309006.0,0.004257519968664409
2023-02-24,10.8,10.82,10.69,10.72,50353415.0,541086207.0,12740309006.0,0.0039522915006446275
2023-02-27,10.69,10.8,10.64,10.68,49286288.0,527887420.0,12740309006.0,0.003868531601297018
2023-02-28,10.71,10.79,10.66,10.78,51996024.0,557429719.0,12740531325.999998,0.00408115035939593
2023-03-01,10.75,10.85,10.72,10.85,65204129.0,705760733.0,12740531325.999998,0.0051178500591208395
2023-03-02,10.86,11.25,10.84,11.17,172396832.0,1914835077.0,12740531325.999998,0.013531369107674844
2023-03-03,11.17,11.31,11.1,11.28,128374328.0,1441818242.0,12740531325.999998,0.010076057639607425
2023-03-06,11.33,11.37,11.15,11.26,92821040.0,1043247756.0,12740531325.999998,0.007285492074461386
2023-03-07,11.25,11.56,11.17,11.26,162553147.0,1851713798.0,12740531325.999998,0.012758741597241925
2023-03-08,11.19,11.2,11.06,11.15,81930306.0,911901591.0,12740531325.999998,0.006430682041713777
2023-03-09,11.13,11.27,11.13,11.19,56338651.0,630407674.0,12740531325.999998,0.00442200168567758
2023-03-10,11.17,11.18,10.95,10.95,71787347.0,791779280.0,12740531325.999998,0.005634564616116232
2023-03-13,10.91,11.11,10.91,11.01,60190157.0,661923178.0,12740531325.999998,0.004724305090570915
2023-03-14,11.04,11.06,10.72,10.79,75395457.0,818275887.0,12740531325.999998,0.005917763951189237
2023-03-15,10.89,11.38,10.88,11.3,138623037.0,1554259816.0,12740531325.999998,0.010880475346982403
2023-03-16,11.27,11.31,11.09,11.09,83761979.0,936169493.0,12740531325.999998,0.006574449436740863
2023-03-17,11.18,11.27,11.08,11.11,122200854.0,1362858276.0,12740531325.999998,0.009591503750759666
2023-03-20,11.2,11.38,11.08,11.09,102349144.0,1147816633.0,12740531325.999998,0.008033349738808218
2023-03-21,11.15,11.2,11.0,11.06,64223875.0,710299876.0,12740531325.999998,0.005040910253792661
2023-03-22,11.1,11.14,11.02,11.1,50698969.0,561142918.0,12740531325.999998,0.003979344950593783
2023-03-23,11.09,11.5,11.03,11.44,175463157.0,1995744848.0,12740531325.999998,0.01377204392111394
2023-03-24,11.41,11.43,11.31,11.35,65243137.0,741258229.0,12740531325.999998,0.005120911783863857
2023-03-27,11.36,11.39,11.19,11.3,65639229.0,740095602.0,12740531325.999998,0.005152000911143163
2023-03-28,11.31,11.4,11.23,11.25,57757836.0,652416014.0,12740531325.999998,0.004533393036923961
2023-03-29,11.29,11.32,11.16,11.22,50864254.0,570951296.0,12740531325.999998,0.003992318114410169
2023-03-30,11.2,11.43,11.1,11.43,103388894.0,1167152401.0,12740531325.999998,0.008114959365078524
2023-03-31,11.52,11.52,11.0,11.03,217445994.0,2416025144.0,12740611286.0,0.017067155501317287
2023-04-03,11.0,11.0,10.67,10.79,150077232.0,1617081404.0,12740611286.0,0.011779437315139826
2023-04-04,10.73,10.86,10.7,10.84,77436997.0,836389153.0,12740611286.0,0.006077965590637831
2023-04-06,10.84,10.86,10.74,10.77,51861204.0,558673251.0,12740611286.0,0.00407054283627565
2023-04-07,10.77,10.82,10.75,10.82,49981547.0,538812577.0,12740611286.0,0.003923010119217917
2023-04-10,10.83,10.89,10.79,10.88,54534167.0,591543486.0,12740611286.0,0.004280341482509931
2023-04-11,10.72,10.8,10.66,10.73,82446561.0,883098695.0,12740611286.0,0.006471162109042309
2023-04-12,10.77,10.98,10.75,10.96,106795145.0,1163896691.0,12740611286.0,0.008382262248072168
2023-04-13,10.89,11.23,10.86,11.09,110814793.0,1224649716.0,12740611286.0,0.008697761081665575
2023-04-14,11.15,11.2,11.08,11.09,74641577.0,830307376.0,12740611286.0,0.005858555396162175
2023-04-17,11.17,11.5,11.15,11.44,195120656.0,2225512518.0,12740611286.0,0.015314858260718465
2023-04-18,11.45,11.64,11.42,11.6,147664177.0,1704557746.0,12740611286.0,0.011590038631997238
2023-04-19,11.59,11.73,11.48,11.52,117089286.0,1357542494.0,12740776287.0,0.009190121807528446
2023-04-20,11.54,11.65,11.44,11.64,88104275.0,1018746423.0,12740776287.0,0.006915141826161475
2023-04-21,11.64,11.66,11.35,11.37,83836629.0,963922012.0,12740776287.0,0.006580182173478893
2023-04-24,11.45,11.53,11.28,11.35,66102714.0,753522207.0,12740776287.0,0.005188279937655576
2023-04-25,11.29,11.4,11.11,11.26,70190907.0,788505331.0,12740776287.0,0.005509154655797465
2023-04-26,11.18,11.22,11.02,11.08,70918707.0,787852586.0,12740776287.0,0.005566278333633534
2023-04-27,11.05,11.1,10.95,10.96,74567263.0,820781123.0,12740776287.0,0.005852646755605026
2023-04-28,10.98,11.17,10.97,11.11,88762828.0,983846041.0,12740776287.0,0.006966830434858886
2023-05-04,11.05,11.1,10.81,11.02,98794327.0,1084598238.0,12740776287.0,0.00775418426432967
2023-05-05,11.02,11.08,10.77,10.82,105713389.0,1147759118.0,12740776287.0,0.008297248661988063
2023-05-08,10.84,11.3,10.84,11.28,139879050.0,1556596655.0,12740776287.0,0.010978848293782933
2023-05-09,11.37,11.58,11.25,11.36,166064482.0,1898485973.0,12740776287.0,0.013034094489944324
2023-05-10,11.39,11.44,11.17,11.21,89496902.0,1007681055.0,12740776287.0,0.007024446547367589
2023-05-11,11.28,11.4,11.12,11.33,67406423.0,759330557.0,12740776287.0,0.005290605649263136
2023-05-12,11.32,11.38,11.2,11.23,60519743.0,681434508.0,12740776287.0,0.0047500828549788664
2023-05-15,11.21,11.38,11.04,11.38,68323269.0,765931370.0,12740776287.0,0.005362567198492715
2023-05-16,11.37,11.4,11.12,11.15,60422240.0,677714943.0,12740776287.0,0.004742430024585832
2023-05-17,11.15,11.16,11.02,11.03,53822750.0,595205535.0,12740776287.0,0.004224448242994254
2023-05-18,11.07,11.15,11.02,11.04,44924336.0,497366562.0,12740776287.0,0.0035260281624941775
2023-05-19,11.04,11.14,10.93,11.11,51103447.0,564873964.0,12740776287.0,0.00401101517276802
2023-05-22,11.1,11.22,11.06,11.18,44096941.0,492910598.0,12740776287.0,0.003461087457048762
2023-05-23,11.15,11.24,11.13,11.14,40864032.0,457074016.0,12740776287.0,0.0032073424004544723
2023-05-24,11.12,11.13,10.88,10.89,63360436.0,694044478.0,12740776287.0,0.004973043602111558
2023-05-25,10.86,10.91,10.77,10.88,51598504.0,558939946.0,12740776287.0,0.004049871282383973
2023-05-26,10.87,10.98,10.81,10.98,34185578.0,373052970.0,12740776287.0,0.0026831628803404323
2023-05-29,10.98,11.03,10.81,10.83,40013280.0,435457341.0,12740776287.0,0.003140568447216783
2023-05-30,10.83,10.92,10.68,10.73,46664607.0,503134518.0,12744540046.000002,0.003661537162704129
2023-05-31,10.7,10.7,10.44,10.44,71742536.0,753547389.0,12745648774.000002,0.005628786519392284
2023-06-01,10.41,10.52,10.26,10.43,47108947.0,490492341.0,12745648774.000002,0.0036960807437357046
2023-06-02,10.45,10.55,10.44,10.52,33548920.0,352735206.0,12745648774.000002,0.002632186136215901
2023-06-05,10.57,10.65,10.53,10.58,32418946.0,343243623.0,12745648774.000002,0.002543530468698603
2023-06-06,10.59,10.67,10.47,10.5,38999870.0,413186056.0,12745648774.000002,0.0030598575789689336
2023-06-07,10.47,10.53,10.41,10.47,39883444.0,417321160.0,12745648774.000002,0.0031291811587777865
2023-06-08,10.46,10.69,10.44,10.68,56918454.0,604329481.0,12745648774.000002,0.004465716497390751
2023-06-09,10.7,10.77,10.66,10.66,39934727.0,427756131.0,12745648774.000002,0.0031332047279902546
2023-06-12,10.66,10.66,10.56,10.57,35634924.0,377531287.0,12745648774.000002,0.0027958501471256683
2023-06-13,10.57,10.61,10.49,10.57,31355549.0,330671741.0,12745648774.000002,0.002460098309311845
2023-06-14,10.6,10.73,10.57,10.59,45265345.0,481983894.0,12745648774.000002,0.0035514351448580088
2023-06-15,10.57,10.66,10.54,10.64,31958116.0,339336068.0,12745648774.000002,0.0025073746002786247
2023-06-16,10.73,10.82,10.72,10.79,47640110.0,513658063.0,12815473938.0,0.0037173896361912292
2023-06-19,10.85,10.85,10.76,10.78,40886291.0,441502382.0,12815473938.0,0.003190384623916669
2023-06-20,10.78,10.8,10.66,10.67,34934322.0,373671018.0,12815473938.0,0.0027259485032710305
2023-06-21,10.68,10.72,10.63,10.66,38384355.0,409918793.0,12815473938.0,0.0029951568850047783
2023-06-26,10.66,10.85,10.55,10.75,71347430.0,765836936.0,12815473938.0,0.005567287666860534
2023-06-27,10.75,10.91,10.72,10.87,85367381.0,926623606.0,12815473938.0,0.006661273817339801
2023-06-28,9.5,9.51,9.35,9.39,76425415.0,718943354.0,12815473938.0,0.005963526231627377
2023-06-29,9.4,9.42,9.3,9.34,38345327.0,357998006.0,12815473938.0,0.002992111504070073
2023-06-30,9.35,9.42,9.33,9.4,26340822.0,247645958.0,12815473938.0,0.0020553919525281936
2023-07-03,9.4,9.52,9.4,9.51,44707755.0,424307984.0,12815473938.0,0.0034885760149247474
2023-07-04,9.7,10.15,9.7,10.13,230404582.0,2306965233.0,12815473938.0,0.017978623585415153
2023-07-05,10.1,10.24,10.05,10.16,107959032.0,1094875127.0,12815473938.0,0.0084241154499861
2023-07-06,10.16,10.16,9.93,9.96,78478765.0,786478862.0,12815473938.0,0.006123750505027947
2023-07-07,9.94,10.05,9.87,10.01,56550109.0,563758824.0,12815473938.0,0.004412642815520039
2023-07-10,10.03,10.05,9.87,9.92,45109507.0,447959515.0,12815473938.0,0.0035199249921021533
2023-07-11,9.96,9.96,9.81,9.87,49064101.0,483368606.0,12815473938.0,0.0038285046060229444
2023-07-12,9.9,9.93,9.72,9.74,44042386.0,431721202.0,12815473938.0,0.003436656826979066
2023-07-13,9.75,9.84,9.73,9.76,44651297.0,436118188.0,12815473938.0,0.003484170559436083
2023-07-14,9.8,9.8,9.67,9.71,42279666.0,410456824.0,12815473938.0,0.0032991106067980676
2023-07-17,9.71,9.72,9.58,9.67,42133331.0,405225391.0,12815473938.0,0.0032876919889062942
2023-07-18,9.69,9.91,9.66,9.84,77681447.0,762929680.0,12815473938.0,0.006061535248389188
2023-07-19,9.83,10.02,9.76,9.96,67407886.0,667301586.0,12815473938.0,0.005259882414502398
2023-07-20,9.98,10.1,9.89,9.91,69473004.0,693563028.0,12815473938.0,0.00542102495281123
2023-07-21,9.91,9.97,9.85,9.91,43449801.0,430627205.0,12815473938.0,0.003390417023217858
2023-07-24,9.85,9.93,9.83,9.85,29481756.0,290955349.0,12815473938.0,0.00230048113262372
2023-07-25,9.93,9.98,9.87,9.9,45044875.0,446998930.0,12815473938.0,0.0035148817139282296
2023-07-26,9.9,9.94,9.85,9.88,31402899.0,310289894.0,12815473938.0,0.0024503892054187097
2023-07-27,9.92,9.93,9.8,9.82,48861375.0,481155937.0,12815473938.0,0.003812685760697304
2023-07-28,9.82,10.16,9.78,10.1,107697233.0,1081704903.0,12815473938.0,0.008403687098973366
2023-07-31,10.12,10.22,10.07,10.12,72495513.0,734967675.0,12815473938.0,0.005656873350976027
2023-08-01,10.09,10.18,10.03,10.05,46395386.0,467275521.0,12815473938.0,0.003620262990230116
2023-08-02,10.05,10.08,9.96,9.98,40016868.0,400217834.0,12815473938.0,0.003122542965917426
2023-08-03,9.93,10.02,9.93,9.98,28813204.0,287392396.0,12815473938.0,0.002248313573059837
2023-08-04,10.05,10.09,9.92,9.92,45241815.0,451993778.0,12815473938.0,0.003530249073805264
2023-08-07,9.92,9.92,9.83,9.88,31108346.0,307012452.0,12815473938.0,0.002427405037886161
2023-08-08,9.88,9.89,9.78,9.83,38188959.0,375386962.0,12815473938.0,0.0029799100044800857
2023-08-09,9.83,9.87,9.8,9.84,28240755.0,277813622.0,12815473938.0,0.0022036449948418598
2023-08-10,9.84,9.96,9.84,9.92,33839752.0,335148103.0,12815473938.0,0.0026405384743251313
2023-08-11,9.9,9.91,9.72,9.72,44155440.0,432103825.0,12815473938.0,0.0034454785061886644
2023-08-14,9.65,9.69,9.55,9.63,41291158.0,397054149.0,12815473938.0,0.0032219766666268103
2023-08-15,9.64,9.7,9.55,9.67,33071861.0,318259595.0,12815473938.0,0.002580619426171705
2023-08-16,9.64,9.65,9.53,9.53,27850356.0,266996384.0,12815473938.0,0.00217318189984524
2023-08-17,9.51,9.57,9.39,9.56,38260841.0,362667225.0,12815473938.0,0.002985519005001468
2023-08-18,9.6,9.8,9.57,9.57,48243983.0,467511676.0,12815473938.0,0.0037645102501397635
2023-08-21,9.57,9.65,9.35,9.35,53944259.0,508695556.0,12815473938.0,0.004209306597709691
2023-08-22,9.35,9.42,9.3,9.38,34313389.0,321136702.0,12815473938.0,0.0026774966861159246
2023-08-23,9.37,9.45,9.32,9.33,35383877.0,332153156.0,12815473938.0,0.0027610275805002383
2023-08-24,9.45,9.68,9.42,9.48,57948697.0,552385102.0,12815473938.0,0.004521775572276928
2023-08-25,9.42,9.51,9.36,9.39,34309085.0,322970895.0,12815473938.0,0.002677160842118206
2023-08-28,9.75,9.79,9.5,9.54,70673616.0,681261179.0,12815473938.0,0.0055147095099184
2023-08-29,9.55,9.6,9.44,9.54,57033773.0,543012827.0,12815473938.0,0.004450383440825035
2023-08-30,9.75,9.97,9.71,9.78,123970686.0,1218597392.0,12815473938.0,0.00967351551723783
2023-08-31,9.88,9.88,9.72,9.8,78740747.0,770717430.0,12816446632.999998,0.006143726826533731
2023-09-01,9.78,9.88,9.75,9.86,43875486.0,430782050.0,12816723925.0,0.0034232996089131255
2023-09-04,9.91,9.97,9.86,9.95,53779878.0,534440628.0,12816928228.0,0.004196003679143018
2023-09-05,9.96,10.0,9.9,9.94,51828966.0,515326497.0,12817308178.0,0.004043670112337686
2023-09-06,9.91,9.93,9.8,9.84,41906704.0,412246325.0,12817348832.0,0.0032695298028696113
2023-09-07,9.81,9.87,9.78,9.79,38758410.0,380714663.0,12817348832.0,0.0030239022521752023
2023-09-08,9.79,9.82,9.72,9.73,34866748.0,339750355.0,12817348832.0,0.002720277684332903
2023-09-11,9.74,9.83,9.74,9.78,37030993.0,362386205.0,12817348832.0,0.0028891304656972296
2023-09-12,9.79,9.82,9.77,9.79,22996138.0,225158853.0,12817536682.0,0.001794115247767855
2023-09-13,9.81,9.89,9.77,9.8,42143346.0,414045358.0,12817536682.0,0.0032879442474452207
2023-09-14,9.83,9.94,9.78,9.92,61149533.0,604522519.0,12817551261.0,0.004770765628693825
2023-09-15,9.93,10.04,9.88,9.89,63599784.0,633214513.0,12817551261.0,0.004961929365830995
2023-09-18,9.91,9.93,9.82,9.88,34314581.0,338350680.0,12817651336.999998,0.002677134843022763
2023-09-19,9.89,9.94,9.86,9.89,30650746.0,303287371.0,12817651336.999998,0.0023912919141061517
2023-09-20,9.93,9.97,9.86,9.94,40243988.0,400076640.0,12817651336.999998,0.003139731838689505
2023-09-21,9.94,10.02,9.92,9.98,55738792.0,556608272.0,12817684597.0,0.004348585080104542
2023-09-22,9.98,10.02,9.91,10.01,56787217.0,566671860.0,12817684597.0,0.004430380274241663
2023-09-25,10.0,10.14,9.96,10.08,70071444.0,704230249.0,12817684597.0,0.005466778611200991
2023-09-26,10.1,10.1,9.92,9.92,52755576.0,527610668.0,12817684597.0,0.004115842888843398
2023-09-27,9.9,9.95,9.81,9.82,55549936.0,547507981.0,12817684597.0,0.0043338510617589665
2023-09-28,9.84,9.86,9.78,9.81,50221444.0,493025240.0,12817684597.0,0.003918136978636096
2023-10-09,9.81,9.86,9.7,9.79,48397336.0,473901866.0,12817684597.0,0.0037758251604449273
2023-10-10,9.7,9.77,9.46,9.51,95270769.0,910781654.0,12817744676.0,0.007432724820801384
2023-10-11,9.54,9.55,9.45,9.47,46257556.0,439094729.0,12817744676.0,0.003608868577840597
2023-10-12,9.52,9.7,9.5,9.66,58925117.0,567377305.0,12817744676.0,0.004597151721264322
2023-10-13,9.64,9.66,9.55,9.57,30274954.0,290462502.0,12817744676.0,0.0023619563944573614
2023-10-16,9.6,9.69,9.52,9.63,48660745.0,467931384.0,12817744676.0,0.0037963578016273476
2023-10-17,9.68,9.76,9.64,9.73,43648880.0,423727117.0,12817744676.0,0.0034053479066195125
2023-10-18,9.72,9.8,9.69,9.77,56491852.0,550854251.0,12817744676.0,0.004407316062846499
2023-10-19,9.73,9.73,9.52,9.53,53368127.0,512984338.0,12817744676.0,0.004163612893610427
2023-10-20,9.53,9.65,9.48,9.56,41003140.0,391813751.0,12817744676.0,0.0031989356190542987
2023-10-23,9.54,9.56,9.45,9.5,40619253.0,385660331.0,12817744676.0,0.003168985966466914
2023-10-24,9.51,9.55,9.44,9.51,49275712.0,467421019.0,12817744676.0,0.0038443355867638753
2023-10-25,9.55,9.75,9.52,9.71,63962255.0,618099406.0,12817744676.0,0.004990133335996558
2023-10-26,9.66,9.76,9.65,9.71,39282247.0,381483421.0,12817744676.0,0.003064676976562987
2023-10-27,9.76,9.78,9.71,9.73,41947695.0,408755114.0,12817744676.0,0.0032726268201100184
2023-10-30,9.73,9.82,9.71,9.72,34408448.0,335443457.0,12817744676.0,0.002684438555280831
2023-10-31,9.72,9.8,9.63,9.77,63521879.0,618740000.0,12817744676.0,0.0049557765898503685
2023-11-01,9.79,9.8,9.61,9.66,50120583.0,484704423.0,12817744676.0,0.003910249756639793
2023-11-02,9.68,9.8,9.66,9.76,45006212.0,438719708.0,12817744676.0,0.003511242666915485
2023-11-03,9.76,9.82,9.68,9.81,41600842.0,406295346.0,12817744676.0,0.0032455664433614123
2023-11-06,9.8,9.81,9.61,9.67,80550873.0,778341153.0,12817744676.0,0.0062843249757364725
2023-11-07,9.65,9.65,9.54,9.62,52637876.0,504809697.0,12817744676.0,0.004106641014511654
2023-11-08,9.59,9.73,9.57,9.67,60408722.0,584225750.0,12817744676.0,0.004712897902632555
2023-11-09,9.67,9.7,9.63,9.64,39162259.0,378319377.0,12817744676.0,0.0030553158913617295
2023-11-10,9.65,9.71,9.57,9.7,40858884.0,394402464.0,12817744676.0,0.003187681221057894
2023-11-13,9.7,9.76,9.61,9.72,44084459.0,426776293.0,12817744676.0,0.0034393304059601006
2023-11-14,9.74,9.76,9.66,9.71,42553772.0,413199076.0,12817744676.0,0.0033199110354942447
2023-11-15,9.76,9.8,9.71,9.76,46100570.0,450049655.0,12817744676.0,0.0035966210254069816
2023-11-16,9.76,9.79,9.72,9.74,40315462.0,393252532.0,12817744676.0,0.003145285151098917
2023-11-17,9.74,9.81,9.63,9.69,57637483.0,557967161.0,12817744676.0,0.004496694579033133
2023-11-20,9.7,9.73,9.66,9.66,36027332.0,349016627.0,12817744676.0,0.0028107387774276493
2023-11-21,9.65,9.79,9.64,9.74,64622343.0,629676190.0,12817744676.0,0.005041631319197608
2023-11-22,9.71,9.79,9.65,9.69,51917060.0,505233084.0,12817744676.0,0.004050405224345725
2023-11-23,9.69,9.88,9.69,9.83,66460925.0,651293684.0,12817744676.0,0.005185071686163457
2023-11-24,9.83,9.9,9.81,9.86,47566139.0,469051659.0,12817744676.0,0.003710960094958284
2023-11-27,9.84,9.93,9.83,9.89,53267456.0,526358352.0,12817744676.0,0.0041557588598045815
2023-11-28,9.87,9.87,9.74,9.79,47471108.0,464424491.0,12817744676.0,0.0037035460761583984
2023-11-29,9.79,9.89,9.76,9.85,47100206.0,463982590.0,12757744752.0,0.003691891232783617
2023-11-30,9.85,10.05,9.83,10.01,80245700.0,801697011.0,12757744752.0,0.006289959672333159
2023-12-01,10.0,10.03,9.82,9.87,60189853.0,596548765.0,12757744752.0,0.004717906978861933
2023-12-04,9.86,10.09,9.85,10.05,77634636.0,777266658.0,12757744752.0,0.006085294658981903
2023-12-05,10.03,10.08,9.91,9.92,58895223.0,588773016.0,12757744752.0,0.0046164290119354474
2023-12-06,9.91,9.92,9.75,9.89,52500324.0,517636594.0,12757744752.0,0.004115172784889716
2023-12-07,9.86,10.0,9.79,9.96,48215030.0,478436584.0,12757744752.0,0.003779275329398752
2023-12-08,9.94,10.05,9.91,9.93,40913316.0,407939039.0,12757744752.0,0.003206939533226366
2023-12-11,9.9,10.02,9.78,9.99,55715471.0,551757768.0,12757744752.0,0.004367188095001323
2023-12-12,9.99,10.1,9.97,10.1,53756194.0,540965280.0,12757744752.0,0.004213612597287053
2023-12-13,10.08,10.13,10.04,10.05,38533226.0,388495798.0,12757744752.0,0.003020379130406982
2023-12-14,10.06,10.15,10.04,10.1,40273755.0,407360685.0,12757744752.0,0.0031568083374364725
2023-12-15,10.11,10.2,10.02,10.03,58385288.0,590526381.0,12757744752.0,0.004576458389391047
2023-12-18,10.33,10.68,10.27,10.63,241836966.0,2534231424.0,12757744752.0,0.018956090649335795
2023-12-19,10.66,10.69,10.47,10.59,143268999.0,1512875800.0,12757744752.0,0.011229962801814174
2023-12-20,10.12,10.39,9.99,10.02,151488906.0,1540052153.0,12757744752.0,0.011874270017532013
2023-12-21,9.99,10.15,9.9,10.05,105912030.0,1063256758.0,12757744752.0,0.008301783117537011
2023-12-22,10.14,10.39,10.12,10.19,135426957.0,1385827434.0,12757744752.0,0.010615274065486336
2023-12-25,10.1,10.16,9.68,9.79,153194068.0,1502333492.0,12757744752.0,0.012007927026129296
2023-12-26,9.9,10.04,9.73,9.75,83483012.0,821840529.0,12757744752.0,0.006543712358480332
2023-12-27,9.85,9.98,9.7,9.72,94665041.0,927077020.0,12757744752.0,0.007420201833490955
2023-12-28,9.71,9.72,9.49,9.62,112793727.0,1079193970.0,12757744752.0,0.008841196402077069
2023-12-29,9.58,9.61,9.49,9.58,74552455.0,711720892.0,12757744752.0,0.005843701723873461
2024-01-02,9.72,10.03,9.67,9.85,160769902.0,1587833928.0,12757744752.0,0.012601749378533107
2024-01-03,10.0,10.03,9.86,9.91,96811932.0,960481305.0,12757744752.0,0.007588483221912951
2024-01-04,10.0,10.17,9.96,10.07,139511326.0,1402869979.0,12757744752.0,0.010935422264043114
2024-01-05,10.11,10.16,9.96,10.01,84304026.0,848524181.0,12757744752.0,0.006608066522633937
2024-01-08,10.14,10.17,9.94,9.96,85536874.0,857132049.0,12757744752.0,0.006704701784113575
2024-01-09,9.78,9.79,9.62,9.71,108983152.0,1058036675.0,12757744752.0,0.008542509206646025
2024-01-10,9.52,9.6,9.34,9.35,136989138.0,1291076698.0,12757744752.0,0.010737723685726237
2024-01-11,9.37,9.39,9.21,9.3,86360696.0,802607101.0,12757744752.0,0.006769276049864647
2024-01-12,9.35,9.58,9.34,9.49,98523341.0,934117423.0,12757744752.0,0.007722629893857591
2024-01-15,9.64,9.99,9.63,9.8,148090730.0,1455634618.0,12757744752.0,0.01160790820625128
2024-01-16,9.8,9.84,9.6,9.72,84176464.0,814944494.0,12757744752.0,0.006598067733468634
2024-01-17,9.71,9.75,9.52,9.53,72636264.0,698208031.0,12757744752.0,0.005693503468833156
2024-01-18,9.53,9.59,9.26,9.54,105138994.0,989275659.0,12757744752.0,0.008241189649410223
2024-01-19,9.51,9.58,9.41,9.55,55078833.0,523538944.0,12757744752.0,0.004317286014941271
2024-01-22,9.5,9.59,9.29,9.38,79332200.0,750050781.0,12757744752.0,0.006218356107772362
2024-01-23,9.41,9.54,9.25,9.5,67971898.0,638642259.0,12757744752.0,0.005327892924754135
2024-01-24,9.5,9.75,9.5,9.74,82104013.0,790656564.0,12757744752.0,0.0064356212321248045
2024-01-25,9.8,10.05,9.79,10.05,133136295.0,1326402365.0,12757744752.0,0.01043572336553673
2024-01-26,10.11,10.28,10.09,10.2,126164496.0,1285277640.0,12757744752.0,0.009889247547472802
2024-01-29,10.25,10.32,10.09,10.16,89586375.0,912062036.0,12757744752.0,0.007022116897734278
2024-01-30,10.11,10.19,10.01,10.02,67721754.0,683535007.0,12757744752.0,0.005308285697547243
2024-01-31,9.98,10.08,9.91,9.95,68281667.0,682110470.0,12757799818.0,0.005352150682256457
2024-02-01,9.94,10.0,9.85,9.9,61261585.0,608213983.0,12757799818.0,0.00480189263618684
2024-02-02,9.87,9.96,9.65,9.85,92216568.0,906867087.0,12757799818.0,0.007228250114874157
2024-02-05,9.81,9.95,9.7,9.88,105645821.0,1041940365.0,12757799818.0,0.008280880912627594
2024-02-06,9.87,10.09,9.83,10.04,108214346.0,1078837243.0,12757799818.0,0.008482210690225771
2024-02-07,10.04,10.07,9.92,10.05,115128386.0,1152285600.0,12757799818.0,0.009024156801517231
2024-02-08,10.05,10.12,9.99,10.06,100386143.0,1008487907.0,12757799818.0,0.007868609355224796
2024-02-19,10.1,10.28,10.07,10.28,98597047.0,1004350315.0,12757799818.0,0.007728373889429529
2024-02-20,10.28,10.38,10.2,10.33,83926219.0,865536747.0,12757799818.0,0.0065784241951804545
2024-02-21,10.28,10.55,10.26,10.47,101207937.0,1058509942.0,12757799818.0,0.007933024380677738
2024-02-22,10.47,10.74,10.41,10.73,103243918.0,1096243510.0,12757799818.0,0.008092611537479448
2024-02-23,10.74,11.1,10.73,10.76,133106252.0,1445737587.0,12757799818.0,0.010433323449095052
2024-02-26,10.7,10.75,10.46,10.47,108764508.0,1149687298.0,12757799818.0,0.008525334270141469
2024-02-27,10.44,10.59,10.42,10.54,58036581.0,610277461.0,12757799818.0,0.004549105788453907
2024-02-28,10.53,10.56,10.41,10.41,72103235.0,755187541.0,12757799818.0,0.005651698257427541
2024-02-29,10.41,10.52,10.38,10.5,68583666.0,717885376.0,12757806817.0,0.0053758194479486135
2024-03-01,10.45,10.49,10.38,10.42,58862907.0,613341417.0,12757806817.0,0.004613873516376196
2024-03-04,10.38,10.5,10.31,10.44,76340146.0,795204936.0,12757806817.0,0.005983798555271696
2024-03-05,10.44,10.51,10.4,10.48,73047974.0,764162147.0,12757806817.0,0.005725746991454856
2024-03-06,10.48,10.49,10.41,10.43,57579360.0,601724471.0,12757806817.0,0.004513264766109681
2024-03-07,10.45,10.54,10.4,10.43,76068222.0,796618811.0,12757806817.0,0.005962484233468543
2024-03-08,10.45,10.68,10.44,10.66,111235111.0,1176904980.0,12757806817.0,0.00871898380306067
2024-03-11,10.67,10.93,10.6,10.68,105940770.0,1137931360.0,12757806817.0,0.008303995468784813
2024-03-12,10.64,10.68,10.45,10.46,92234657.0,971672042.0,12757806817.0,0.007229664026350964
2024-03-13,10.44,10.5,10.31,10.36,73274718.0,759770893.0,12757806817.0,0.0057435199522193866
2024-03-14,10.33,10.54,10.31,10.51,61122538.0,640278991.0,12757806817.0,0.004790991028219141
2024-03-15,10.51,10.57,10.35,10.43,55374143.0,577192894.0,12757806817.0,0.004340412407422018
2024-03-18,10.45,10.52,10.43,10.5,48688252.0,510413556.0,12757806817.0,0.0038163496828563085
2024-03-19,10.48,10.5,10.25,10.26,91447742.0,945185323.0,12757806817.0,0.007167982970093597
2024-03-20,10.24,10.35,10.21,10.32,45263933.0,465344591.0,12757806817.0,0.0035479399907266994
2024-03-21,10.34,10.37,10.26,10.33,40143822.0,414179373.0,12757806817.0,0.0031466083924791568
2024-03-22,10.28,10.32,10.16,10.24,58033559.0,593923379.0,12757806817.0,0.004548866418220824
2024-03-25,10.22,10.3,10.19,10.22,41405466.0,424779044.0,12757806817.0,0.00324550031160736
2024-03-26,10.22,10.27,10.15,10.2,37589906.0,383060049.0,12757806817.0,0.002946423828107414
2024-03-27,10.22,10.36,10.22,10.29,59155157.0,610000575.0,12757806817.0,0.004636781058729837
2024-03-28,10.32,10.4,10.22,10.38,56622535.0,584508812.0,12757806817.0,0.004438265590018927
2024-03-29,10.24,10.43,10.07,10.35,79360906.0,815658261.0,12757806817.0,0.006220575929575153
2024-04-01,10.36,10.48,10.33,10.39,57862768.0,601446311.0,12757806817.0,0.004535479242631018
2024-04-02,10.45,10.58,10.4,10.57,83973910.0,882017729.0,12757806817.0,0.006582158767924225
2024-04-03,10.64,10.74,10.52,10.58,89468678.0,947832090.0,12757806817.0,0.007012857247593797
2024-04-08,10.58,10.72,10.45,10.64,77426682.0,822950052.0,12757806817.0,0.006068964917765301
2024-04-09,10.64,10.65,10.5,10.53,54713031.0,577211551.0,12757806817.0,0.004288592215324497
2024-04-10,10.56,10.6,10.49,10.55,49232158.0,519384194.0,12757806817.0,0.0038589828726985653
2024-04-11,10.49,10.63,10.46,10.58,60277300.0,636880993.0,12757806817.0,0.0047247384181801095
2024-04-12,10.63,10.75,10.6,10.63,77568487.0,828402937.0,12757806817.0,0.0060800800727471935
2024-04-15,10.64,10.84,10.51,10.81,118753239.0,1273567512.0,12757806817.0,0.00930828007536211
2024-04-16,10.83,10.91,10.68,10.72,111839334.0,1208245681.0,12757806817.0,0.008766344843141231
2024-04-17,10.67,10.88,10.57,10.87,100758320.0,1085508071.0,12757806817.0,0.00789777752910773
2024-04-18,10.8,10.93,10.78,10.85,93640884.0,1015603044.0,12757806817.0,0.007339888849486409
2024-04-19,10.85,11.29,10.82,10.98,194331065.0,2150504461.0,12757806817.0,0.015232325413569553
2024-04-22,11.01,11.22,10.95,11.04,145292884.0,1613452169.0,12757806817.0,0.011388547113473665
2024-04-23,11.04,11.12,10.88,10.97,97587446.0,1071662035.0,12757806817.0,0.0076492337123307925
2024-04-24,10.97,11.16,10.94,11.15,82281299.0,910179081.0,12757806817.0,0.006449486199333159
2024-04-25,11.15,11.37,11.12,11.33,103529314.0,1167727200.0,12757806817.0,0.008114977400507851
2024-04-26,11.33,11.48,11.23,11.33,100872499.0,1144690383.0,12757806817.0,0.007906727264876408
2024-04-29,11.39,11.68,11.29,11.33,148787341.0,1702420240.0,12757806817.0,0.011662454459001392
2024-04-30,11.35,11.96,11.35,11.77,226494361.0,2653694418.0,12757806817.0,0.017753393216316173
2024-05-06,12.0,12.06,11.79,12.02,141819090.0,1692509330.0,12757806817.0,0.011116259403694966
2024-05-07,12.02,12.16,11.96,12.07,105886403.0,1278632698.0,12757806817.0,0.008299733999648319
2024-05-08,12.1,12.28,12.08,12.21,115067139.0,1402062078.0,12757806817.0,0.009019351104037022
2024-05-09,12.32,13.43,12.32,13.33,320594108.0,4160603816.0,12757806817.0,0.02512924929799084
2024-05-10,13.39,13.57,13.2,13.35,248490480.0,3318943636.0,12757806817.0,0.019477523336446992
2024-05-13,13.66,14.12,13.61,14.07,292669974.0,4067255228.0,12757806817.0,0.022940461334624705
2024-05-14,14.09,14.21,13.81,13.96,211219455.0,2950159480.0,12757806817.0,0.016556094478444867
2024-05-15,13.98,14.54,13.96,14.28,210724432.0,3000927451.0,12757806817.0,0.016517292903291656
2024-05-16,14.5,14.64,14.06,14.1,227504208.0,3251100088.0,12757806817.0,0.017832548435899397
2024-05-17,14.18,14.33,13.67,14.06,249343173.0,3480543313.0,12757806817.0,0.01954436029457241
2024-05-20,14.16,14.42,14.16,14.4,162161572.0,2321048878.0,12757806817.0,0.012710771869026648
2024-05-21,14.46,14.53,14.22,14.26,113060126.0,1621311161.0,12757806817.0,0.008862034644492768
2024-05-22,14.27,14.32,13.98,14.0,133574115.0,1884009299.0,12757806817.0,0.01046999040791323
2024-05-23,14.0,14.23,13.97,14.13,119243751.0,1682545915.0,12757806817.0,0.00934672806309511
2024-05-24,14.13,14.28,13.98,14.14,89678795.0,1268655650.0,12757806817.0,0.007029326927924746
2024-05-27,14.42,15.2,14.41,15.04,248768799.0,3715342089.0,12757806817.0,0.019499338919955367
2024-05-28,15.07,15.87,15.0,15.53,277284679.0,4276978042.0,12757806817.0,0.021734509933989073
2024-05-29,15.5,15.68,15.23,15.61,156787108.0,2431970560.0,12757806817.0,0.012289503223318796
2024-05-30,15.5,15.56,14.96,15.04,178488796.0,2709169933.0,12757806817.0,0.013990554846947563
2024-05-31,15.08,15.4,15.0,15.04,136700695.0,2072046850.0,12760763348.999998,0.010712579746313735
2024-06-03,15.44,16.19,15.41,16.06,260721988.0,4141004062.0,12760763348.999998,0.020431535392467847
2024-06-04,15.9,16.69,15.89,16.58,265397578.0,4313858216.0,12760763348.999998,0.020797939021476954
2024-06-05,16.55,16.86,16.46,16.58,176604625.0,2938957507.0,12760763348.999998,0.013839659914533222
2024-06-06,16.99,17.58,16.7,16.85,328227792.0,5623736038.0,12760763348.999998,0.025721642430248635
2024-06-07,16.99,17.25,16.68,17.18,197184995.0,3351983006.0,12760763348.999998,0.015452445093376994
2024-06-11,17.23,17.32,15.46,15.46,406635690.0,6468562138.0,12760763348.999998,0.031866094439551386
2024-06-12,15.13,15.41,14.43,15.26,485960435.0,7230146935.0,12760763348.999998,0.03808239536376031
2024-06-13,15.09,15.3,14.73,15.02,239007457.0,3586538197.0,12760763348.999998,0.018729871439762253
2024-06-14,15.27,15.48,15.13,15.21,196218801.0,2997523909.0,12760763348.999998,0.015376729090064722
2024-06-17,15.1,15.19,14.63,15.02,192067965.0,2857655933.0,12760763348.999998,0.015051447922592458
2024-06-18,15.16,15.7,15.02,15.57,213460211.0,3291562443.0,12760763348.999998,0.016727855941057624
2024-06-19,15.56,15.8,15.45,15.58,138751742.0,2164286133.0,12760763348.999998,0.010873310491325217
2024-06-20,15.57,16.19,15.55,16.03,203804481.0,3251877152.0,12760763348.999998,0.015971182555937862
2024-06-21,16.06,16.18,15.55,16.05,200111749.0,3167510143.0,12760763348.999998,0.01568180080823157
2024-06-24,15.9,15.99,15.6,15.63,141003986.0,2223610609.0,12760763348.999998,0.011049808083075988
2024-06-25,15.51,15.82,15.41,15.52,120016284.0,1875729293.0,12760763348.999998,0.009405102243307813
2024-06-26,15.4,15.55,15.14,15.49,135898856.0,2081021706.0,12760763348.999998,0.010649743458384075
2024-06-27,15.49,15.69,14.9,15.02,150155399.0,2278937714.0,12760763348.999998,0.011766960556616465
2024-06-28,15.0,15.63,14.95,15.49,142602403.0,2196459565.0,12760825965.0,0.011175013544665954
2024-07-01,15.68,16.1,15.61,15.82,139045012.0,2205573648.0,12760825965.0,0.010896239191833535
2024-07-02,15.9,16.23,15.77,16.05,155291835.0,2486843127.0,12760825965.0,0.012169418768497404
2024-07-03,16.15,16.19,15.44,15.47,149688068.0,2341557266.0,12760825965.0,0.011730280501478495
2024-07-04,15.45,15.72,15.44,15.53,94617792.0,1474564950.0,12760825965.0,0.007414707500871399
2024-07-05,15.59,15.59,15.06,15.33,117673251.0,1795270769.0,12760825965.0,0.009221444702933068
2024-07-08,14.5,14.64,14.0,14.4,262887371.0,3768960114.0,12760825965.0,0.02060112501502954
2024-07-09,14.29,14.64,14.16,14.52,159965721.0,2301868419.0,12760825965.0,0.01253568706592732
2024-07-10,14.64,14.73,14.32,14.37,100304691.0,1448718850.0,12760825965.0,0.007860360393215346
2024-07-11,14.39,14.51,14.18,14.2,128066513.0,1832101803.0,12760825965.0,0.010035910947399243
2024-07-12,13.9,13.92,13.3,13.54,234813253.0,3193771318.0,12760825965.0,0.01840110143685358
2024-07-15,13.43,13.79,13.36,13.48,118695810.0,1609793915.0,12760825965.0,0.009301577368546143
2024-07-16,13.41,13.61,13.31,13.47,92513992.0,1243118962.0,12760825965.0,0.007249843564495317
2024-07-17,13.38,13.43,13.05,13.21,114335154.0,1508153960.0,12760825965.0,0.00895985528786263
2024-07-18,13.13,13.43,13.07,13.27,92085957.0,1218606761.0,12760825965.0,0.007216300673057569
2024-07-19,13.18,13.25,12.98,13.19,89182727.0,1172030832.0,12760825965.0,0.006988789537966244
2024-07-22,13.09,13.16,12.88,13.13,98673843.0,1285980078.0,12760825965.0,0.007732559261496049
2024-07-23,13.22,13.39,13.1,13.1,102636564.0,1359226920.0,12760825965.0,0.008043097232225281
2024-07-24,13.05,13.22,12.98,13.06,74337649.0,973152614.0,12760825965.0,0.005825457474609481
2024-07-25,13.01,13.14,12.78,12.89,85730246.0,1105792970.0,12760825965.0,0.006718236439799295
2024-07-26,12.89,13.04,12.76,12.82,68277028.0,879471139.0,12760825965.0,0.0053505179200208615
2024-07-29,12.91,13.14,12.67,13.06,121241274.0,1566777842.0,12760825965.0,0.009501052230673534
2024-07-30,13.03,13.05,12.84,12.9,89707094.0,1159015721.0,12760825965.0,0.0070298814705290905
2024-07-31,12.83,13.4,12.73,13.15,145252500.0,1905801155.0,12760900120.000002,0.011382621808343091
2024-08-01,13.1,13.5,13.09,13.26,133651503.0,1785204158.0,12760900120.000002,0.01047351689482544
2024-08-02,13.17,13.38,12.95,13.23,72092524.0,952270838.0,12760900120.000002,0.005649485798185213
2024-08-05,13.1,13.26,12.81,12.81,90756958.0,1181553379.0,12760900120.000002,0.007112112558404695
2024-08-06,12.93,13.01,12.62,12.71,75674783.0,966410012.0,12760900120.000002,0.005930207296379966
2024-08-07,12.68,12.97,12.65,12.87,58448732.0,752208890.0,12760900120.000002,0.004580298525210931
2024-08-08,12.73,12.79,12.38,12.42,121058853.0,1513368882.0,12760900120.000002,0.009486701710819438
2024-08-09,12.47,12.53,12.3,12.31,73241496.0,906564085.0,12760900120.000002,0.005739524274248452
2024-08-12,12.3,12.44,12.26,12.37,52157903.0,644982040.0,12760900120.000002,0.0040873216238291495
2024-08-13,12.47,12.7,12.35,12.49,71592969.0,895408781.0,12760900120.000002,0.005610338481357849
2024-08-14,12.4,12.42,12.25,12.27,48571254.0,597564044.0,12760900120.000002,0.003806256106015192
2024-08-15,12.22,12.52,12.18,12.48,62393678.0,774168335.0,12760900120.000002,0.004889441764551637
2024-08-16,12.51,12.73,12.45,12.67,63083986.0,797453468.0,12760900120.000002,0.004943537321566309
2024-08-19,12.67,12.93,12.6,12.7,65245696.0,835139841.0,12760900120.000002,0.005112938381026996
2024-08-20,12.8,12.83,12.36,12.41,56888479.0,709927825.0,12760900120.000002,0.004458030269419583
2024-08-21,12.41,12.52,12.32,12.52,44192318.0,548804383.0,12760900120.000002,0.0034631035102874854
2024-08-22,12.47,12.58,12.27,12.57,52381020.0,652750791.0,12760900120.000002,0.004104806048744467
2024-08-23,12.41,12.53,12.3,12.37,53408810.0,661198534.0,12760900120.000002,0.004185348172758834
2024-08-26,12.41,12.5,12.31,12.49,44888217.0,557003044.0,12760900120.000002,0.0035176372025392823
2024-08-27,12.38,12.47,12.24,12.44,40126725.0,497731303.0,12760900120.000002,0.0031445058438401125
2024-08-28,12.41,12.58,12.3,12.38,52119380.0,646320219.0,12760900120.000002,0.0040843027928973395
2024-08-29,12.32,12.34,11.94,12.15,78980403.0,958165347.0,12760900120.000002,0.006189250151422703
2024-08-30,12.49,12.73,12.36,12.52,135815774.0,1707529293.0,12760900120.000002,0.010643118645458059
2024-09-02,12.46,12.58,12.28,12.42,76678991.0,952952675.0,12760900120.000002,0.006008901431633491
2024-09-03,12.44,12.62,12.1,12.2,83833469.0,1029562031.0,12760900120.000002,0.006569557649668367
2024-09-04,12.13,12.26,12.12,12.13,43321423.0,527232676.0,12760900120.000002,0.0033948563653517566
2024-09-05,12.18,12.18,11.95,11.96,59178263.0,711739755.0,12760900120.000002,0.004637467768221979
2024-09-06,11.97,12.03,11.82,11.85,41943049.0,500227052.0,12760900120.000002,0.003286840944257778
2024-09-09,11.79,11.84,11.55,11.63,68042716.0,792020342.0,12760900120.000002,0.0053321251134437996
2024-09-10,11.7,11.78,11.47,11.61,49791580.0,576543755.0,12760900120.000002,0.0039018861939027535
2024-09-11,11.58,11.63,11.47,11.59,42654528.0,492259786.0,12760900120.000002,0.0033425955535180533
2024-09-12,11.65,11.94,11.65,11.81,60597752.0,714807635.0,12760900120.000002,0.004748705140715417
2024-09-13,11.79,12.08,11.79,11.92,66780891.0,798995009.0,12760900120.000002,0.005233242982235644
2024-09-18,11.98,12.3,11.96,12.3,73733421.0,899825406.0,12760900120.000002,0.0057780736708720505
2024-09-19,12.4,12.68,12.22,12.66,105792165.0,1326453600.0,12760900120.000002,0.008290337202325818
2024-09-20,12.69,13.03,12.6,12.98,113164564.0,1458143493.0,12760900120.000002,0.008868070663968176
2024-09-23,12.99,13.36,12.91,13.25,103594034.0,1368942616.0,12760900120.000002,0.008118082033855773
2024-09-24,13.42,13.81,13.25,13.81,135287576.0,1838699685.0,12760900120.000002,0.01060172673775304
2024-09-25,14.12,14.25,13.85,14.03,158721185.0,2227663608.0,12760900120.000002,0.01243808693018749
2024-09-26,13.95,14.54,13.93,14.53,135825510.0,1950843535.0,12760900120.000002,0.01064388160104179
2024-09-27,14.69,14.9,14.26,14.84,115903503.0,1694682456.0,12760900120.000002,0.009082705914949201
2024-09-30,15.13,15.95,14.88,15.71,297993157.0,4590454687.0,12760900120.000002,0.023352048381991408
2024-10-08,17.28,17.28,15.9,16.61,355212006.0,5911840569.0,12760900120.000002,0.0278359678909547
2024-10-09,16.35,16.35,14.96,14.99,281725747.0,4369705286.0,12760900120.000002,0.0220772629164658
2024-10-10,14.88,15.49,14.68,15.11,215376137.0,3245124157.0,12760900120.000002,0.016877817001517286
2024-10-11,15.17,15.17,14.51,14.72,118255837.0,1752218446.0,12760900120.000002,0.00926704510559244
2024-10-14,14.77,15.02,14.72,14.86,112540206.0,1674367836.0,12760900120.000002,0.00881914323767938
2024-10-15,14.76,14.89,14.52,14.52,96985414.0,1426899237.0,12760900120.000002,0.007600201638440532
2024-10-16,14.34,14.6,14.3,14.41,74661369.0,1077999162.0,12760900120.000002,0.005850791738663024
2024-10-17,14.49,14.54,14.0,14.04,105567431.0,1502696025.0,12760900120.000002,0.008272726062211353
2024-10-18,14.06,14.45,13.9,14.23,121841817.0,1721903806.0,12760900120.000002,0.009548058197637549
2024-10-21,14.95,15.01,14.43,14.52,160533010.0,2348385368.0,12760900120.000002,0.012580069469268753
2024-10-22,14.53,14.92,14.53,14.86,127037630.0,1874321377.0,12760900120.000002,0.00995522485133282
2024-10-23,14.89,14.99,14.7,14.82,100663197.0,1491520435.0,12760900120.000002,0.007888408815474687
2024-10-24,14.7,14.92,14.6,14.82,80665456.0,1187067386.0,12760900120.000002,0.006321298281582349
2024-10-25,14.8,15.07,14.7,14.73,97564904.0,1447818331.0,12760900120.000002,0.007645613011819419
2024-10-28,14.74,14.85,14.58,14.67,86863181.0,1273654040.0,12760900120.000002,0.00680697914591937
2024-10-29,14.67,14.74,14.42,14.52,87031455.0,1268401513.0,12760900120.000002,0.006820165833254715
2024-10-30,14.48,14.54,14.2,14.33,91347419.0,1309151796.0,12760900120.000002,0.007158383667374084
2024-10-31,14.51,14.76,14.35,14.58,141349533.0,2061021332.0,12760900120.000002,0.011076768227224396
2024-11-01,14.68,15.83,14.66,15.44,293981105.0,4516086121.0,12760900120.000002,0.023037646422703915
2024-11-04,15.57,15.65,15.04,15.26,165664886.0,2514100318.0,12760900120.000002,0.012982225739730966
2024-11-05,15.26,15.38,15.09,15.38,144157083.0,2198972417.0,12760900120.000002,0.011296780136541024
2024-11-06,15.31,15.42,14.95,15.01,155949811.0,2360766370.0,12760900120.000002,0.01222090993060762
2024-11-07,14.7,15.09,14.58,15.09,149360030.0,2218252976.0,12760900120.000002,0.0117045058417086
2024-11-08,15.13,15.2,14.75,14.85,144506475.0,2159074417.0,12760900120.000002,0.011324160023282117
2024-11-11,14.68,14.72,14.46,14.67,137592156.0,2005722330.0,12760900120.000002,0.010782323715891601
2024-11-12,14.65,14.91,14.41,14.5,136003816.0,1991475590.0,12760900120.000002,0.01065785443981674
2024-11-13,14.45,14.66,14.42,14.6,91513469.0,1331848129.0,12760900120.000002,0.007171396072332865
2024-11-14,14.65,14.74,14.37,14.38,97198042.0,1411497326.0,12760900120.000002,0.0076168640993955206
2024-11-15,14.49,14.83,14.42,14.51,143862157.0,2105346839.0,12760900120.000002,0.011273668444009417
2024-11-18,14.68,15.08,14.55,14.64,206883435.0,3063926032.0,12760900120.000002,0.016212291692163167
2024-11-19,14.6,14.6,14.32,14.48,128375576.0,1852862638.0,12760900120.000002,0.010060072157354992
2024-11-20,14.38,14.55,14.36,14.52,69337326.0,1002675779.0,12760900120.000002,0.005433576420783081
2024-11-21,14.51,14.54,14.39,14.5,63094066.0,912606514.0,12760900120.000002,0.004944327234496056
2024-11-22,14.48,14.57,14.11,14.12,98558235.0,1410290132.0,12761046685.0,0.007723366071205624
2024-11-25,14.12,14.29,13.84,13.99,99641010.0,1401029370.0,12761046685.0,0.007808216085998905
2024-11-26,13.81,13.93,13.56,13.83,109108141.0,1498693558.0,12761046685.0,0.008550093396982194
2024-11-27,13.69,13.9,13.5,13.89,85098558.0,1166879106.0,12761046685.0,0.006668618969949329
2024-11-28,13.91,13.93,13.54,13.57,82154139.0,1123998073.0,12761046685.0,0.006437884056687
2024-11-29,13.57,13.7,13.52,13.59,76284146.0,1039323768.0,12761046685.0,0.005977890989903545
2024-12-02,13.68,13.92,13.68,13.9,86499188.0,1194895066.0,12761046685.0,0.006778377208013482
2024-12-03,13.93,14.24,13.92,14.24,104082714.0,1467565588.0,12761046685.0,0.008156283459282713
2024-12-04,14.15,14.26,14.01,14.19,67807259.0,958515028.0,12761046685.0,0.005313612642739109
2024-12-05,14.17,14.2,14.02,14.06,49412460.0,696486039.0,12761046685.0,0.0038721322176559375
2024-12-06,14.1,14.23,14.08,14.14,56863503.0,805085729.0,12761046685.0,0.004456021861187948
2024-12-09,14.1,14.18,13.99,14.15,60766826.0,857363204.0,12761046685.0,0.004761899826871451
2024-12-10,14.41,14.48,14.05,14.09,97640966.0,1390057580.0,12761046685.0,0.007651485682187206
2024-12-11,14.09,14.23,14.03,14.22,76576804.0,1084770628.0,12761046685.0,0.006000824688621535
2024-12-12,14.17,14.65,14.16,14.51,141065230.0,2043771249.0,12761046685.0,0.01105436203488037
2024-12-13,14.48,14.52,14.27,14.27,130864110.0,1883122220.0,12761046685.0,0.010254966793109886
2024-12-16,14.45,14.85,14.43,14.68,158741247.0,2335547825.0,12761046685.0,0.012439516202584914
2024-12-17,14.78,15.24,14.78,14.94,199639911.0,2997577760.0,12761046685.0,0.01564447775547026
2024-12-18,14.92,15.14,14.86,14.98,112261442.0,1684738529.0,12761046685.0,0.008797197030237179
2024-12-19,14.8,14.94,14.72,14.8,95463866.0,1414540965.0,12761046685.0,0.00748088055443079
2024-12-20,14.8,14.87,14.46,14.48,98907357.0,1441481628.0,12761046685.0,0.007750724485340287
2024-12-23,14.49,14.8,14.49,14.69,83309144.0,1224985161.0,12761046685.0,0.006528394265489673
2024-12-24,14.8,15.22,14.76,15.07,165882083.0,2502445347.0,12761046685.0,0.012999096946725103
2024-12-25,15.09,15.19,14.97,15.05,75083669.0,1132553348.0,12761046685.0,0.0058838174370333795
2024-12-26,15.08,15.12,14.88,15.1,71962361.0,1081205861.0,12761046685.0,0.005639220886527146
2024-12-27,15.09,15.23,14.95,15.2,97881024.0,1479844395.0,12761046685.0,0.007670297461967165
2024-12-30,15.2,15.75,15.2,15.7,168168910.0,2619632704.0,12761046685.0,0.013178300663822076
2024-12-31,15.7,15.79,15.47,15.5,124741083.0,1951037033.0,12761046685.0,0.00977514510205712
2025-01-02,15.55,15.67,14.94,15.03,143750848.0,2194344502.0,12761046685.0,0.011264816401696284
2025-01-03,15.1,15.29,14.9,14.96,103490908.0,1561279746.0,12761046685.0,0.0081099074828751
2025-01-06,15.09,15.14,14.69,14.95,89848447.0,1338291867.0,12761046685.0,0.007040836791672626
2025-01-07,14.77,14.88,14.52,14.76,92787531.0,1360764372.0,12761046685.0,0.007271153635780308
2025-01-08,14.72,15.05,14.58,14.71,98355312.0,1453168821.0,12761046685.0,0.007707464319177828
2025-01-09,14.5,14.52,14.06,14.13,138322539.0,1963601624.0,12761046685.0,0.010839435229289736
2025-01-10,14.26,14.28,14.09,14.14,71397188.0,1012511882.0,12761046685.0,0.005594931964626693
2025-01-13,14.31,14.44,14.14,14.19,104628761.0,1494792330.0,12761046685.0,0.008199073601304672
2025-01-14,14.19,14.55,14.15,14.49,98902182.0,1428560308.0,12761046685.0,0.007750318954342106
2025-01-15,14.52,14.76,14.38,14.51,101669277.0,1486377067.0,12761046685.0,0.00796715814224764
2025-01-16,14.4,14.59,14.31,14.41,88343115.0,1275820075.0,12761046685.0,0.00692287374074441
2025-01-17,14.38,14.45,14.26,14.28,61696932.0,884744980.0,12761046685.0,0.0048347861678557915
2025-01-20,14.35,14.38,14.13,14.16,80958885.0,1150990819.0,12761046685.0,0.006344219796261956
2025-01-21,14.17,14.22,14.01,14.11,65535930.0,923731567.0,12761046685.0,0.005135623402822776
2025-01-22,14.1,14.1,13.97,14.05,56664756.0,794987905.0,12761046685.0,0.0044404473550439015
2025-01-23,14.18,14.37,14.18,14.31,103184168.0,1475982891.0,12761046685.0,0.008085870269661191
2025-01-24,14.3,14.33,14.2,14.26,63618041.0,907531906.0,12761046685.0,0.004985330950538718
2025-01-27,14.25,14.45,14.25,14.27,69575205.0,997781880.0,12761046685.0,0.005452155040055008
2025-02-05,14.27,14.27,14.03,14.09,83172763.0,1171411751.0,12761046685.0,0.006517706976008919
2025-02-06,14.1,14.16,14.05,14.15,56701617.0,799922149.0,12761046685.0,0.004443335911203118
2025-02-07,14.16,14.64,14.1,14.6,131981027.0,1901917159.0,12761046685.0,0.010342492293765949
2025-02-10,14.54,14.54,14.36,14.37,90667438.0,1306943426.0,12761046685.0,0.007105015774809071
2025-02-11,14.47,14.69,14.46,14.63,104397249.0,1523108153.0,12761046685.0,0.008180931515806926
2025-02-12,14.63,14.9,14.53,14.64,84040538.0,1232977686.0,12761046685.0,0.006585708843051694
2025-02-13,14.59,14.65,14.52,14.56,56438689.0,822562882.0,12761046685.0,0.004422731958683372
2025-02-14,14.6,14.65,14.49,14.63,57414308.0,835852115.0,12761046685.0,0.0044991848566378004
2025-02-17,14.67,14.82,14.6,14.81,88452000.0,1304004454.0,12761046685.0,0.006931406348036568
2025-02-18,14.82,14.86,14.59,14.63,69047122.0,1016886631.0,12761046685.0,0.005410772619550212
2025-02-19,14.64,14.69,14.49,14.53,69530350.0,1012449168.0,12761046685.0,0.005448640046253384
2025-02-20,14.5,14.5,14.27,14.35,68214277.0,979846095.0,12761046685.0,0.005345507988790812
2025-02-21,14.39,14.44,14.29,14.35,64683041.0,928674847.0,12761046685.0,0.00506878805451216
2025-02-24,14.01,14.01,13.58,13.98,150564364.0,2093108562.0,12761906166.0,0.01179795259748347
2025-02-25,13.88,13.96,13.77,13.79,73485989.0,1018752460.0,12761906166.0,0.005758229847809084
2025-02-26,13.78,13.97,13.77,13.82,73182261.0,1013690330.0,12761906166.0,0.005734430268338019
2025-02-27,13.8,13.82,13.68,13.75,64366152.0,884046211.0,12761906166.0,0.005043615833149043
2025-02-28,13.72,13.81,13.61,13.62,73338048.0,1004268972.0,12761906166.0,0.005746637457293462
2025-03-03,13.62,13.66,13.48,13.52,71544103.0,971791664.0,12761906166.0,0.005606067155595164
2025-03-04,13.48,13.61,13.46,13.6,47553629.0,644334397.0,12761906166.0,0.003726216787793925
2025-03-05,13.6,13.72,13.56,13.7,57913187.0,790570771.0,12761906166.0,0.004537973108930317
2025-03-06,13.71,13.79,13.64,13.77,61533811.0,843202098.0,12761906166.0,0.00482167868965665
2025-03-07,13.74,13.84,13.68,13.74,51367985.0,707768199.0,12761906166.0,0.004025102859387377
2025-03-10,13.68,13.79,13.58,13.78,60903556.0,834415917.0,12761906166.0,0.004772293042105102
2025-03-11,13.67,13.8,13.64,13.8,47494991.0,652220103.0,12761906166.0,0.0037216220196427357
2025-03-12,13.84,14.12,13.78,14.1,96267727.0,1347554383.0,12761906166.0,0.007543365837971324
2025-03-13,14.06,14.22,14.0,14.05,76737962.0,1082984799.0,12761906166.0,0.006013048599624063
2025-03-14,14.06,14.26,14.05,14.22,74448958.0,1056017113.0,12761906166.0,0.005833686365626581
2025-03-17,14.27,14.33,14.21,14.29,66448608.0,948704072.0,12761906166.0,0.005206793337583924
2025-03-18,14.29,14.44,14.14,14.38,77425554.0,1107723240.0,12761906166.0,0.006066927071308166
2025-03-19,14.31,14.38,14.21,14.26,54338535.0,775811932.0,12761906166.0,0.004257869811389742
2025-03-20,14.26,14.56,14.24,14.45,80219812.0,1156825377.0,12761906166.0,0.0062858800994572365
2025-03-21,14.4,14.54,14.2,14.26,78145180.0,1122281155.0,12761906166.0,0.006123315669581769
2025-03-24,14.5,14.72,14.42,14.6,153808932.0,2244160635.0,12761906166.0,0.012052191106824975
2025-03-25,14.6,14.68,14.52,14.66,87013439.0,1271890767.0,12761906166.0,0.006818216484918167
2025-03-26,14.68,14.68,14.47,14.53,74424758.0,1083501025.0,12761906166.0,0.005831790097178497
2025-03-27,14.53,14.66,14.46,14.49,62705985.0,912307697.0,12761906166.0,0.004913528134775035
2025-03-28,14.5,14.52,14.37,14.45,54200096.0,781639661.0,12761906166.0,0.004247021980493693
2025-03-31,14.42,14.65,14.38,14.55,78081465.0,1136681093.0,12761906166.0,0.006118323076847484
2025-04-01,14.55,14.58,14.45,14.53,49580863.0,719803447.0,12761906166.0,0.0038850671956899576
2025-04-02,14.53,14.65,14.5,14.59,51586718.0,752842786.0,12761906166.0,0.004042242383621049
2025-04-03,14.35,14.35,14.04,14.16,122293171.0,1736069578.0,12761906166.0,0.00958267279270638
2025-04-07,12.98,13.2,12.74,12.74,221371899.0,2846381807.0,12761906166.0,0.01734630361017497
2025-04-08,13.03,13.32,12.96,13.29,187157234.0,2470778872.0,12661906223.0,0.014781126214632208
2025-04-09,13.3,13.49,13.06,13.49,139442732.0,1850988412.0,12661906223.0,0.011012775607728491
2025-04-10,14.09,14.15,13.75,14.12,151322664.0,2112324490.0,12661906223.0,0.011951017590473588
2025-04-11,14.12,14.12,13.95,14.0,78918404.0,1106938695.0,12661906223.0,0.006232742733210811
2025-04-14,13.95,14.2,13.95,14.16,81785409.0,1152990000.0,12661906223.0,0.006459170330249254
2025-04-15,14.18,14.26,14.09,14.26,62171239.0,882601174.0,12661906223.0,0.004910101046797178
2025-04-16,14.25,14.35,14.13,14.35,77140452.0,1096993740.0,12661906223.0,0.006092325329331259
2025-04-17,14.29,14.3,14.11,14.23,69971822.0,992779787.0,12661906223.0,0.0055261680798818534
2025-04-18,14.12,14.29,14.09,14.22,43708634.0,621181320.0,12661906223.0,0.0034519789698493016
2025-04-21,14.17,14.27,14.15,14.18,44785115.0,635146257.0,12661906223.0,0.003536996263536456
2025-04-22,14.17,14.22,14.14,14.17,40017280.0,567323963.0,12661906223.0,0.0031604467206769963
2025-04-23,14.25,14.3,14.21,14.27,42862895.0,611075557.0,12661906223.0,0.003385184998617408
2025-04-24,14.28,14.3,14.2,14.23,47834225.0,681716034.0,12661906223.0,0.0037778059762526486
2025-04-25,14.23,14.38,14.21,14.38,56318749.0,805686723.0,12661906223.0,0.0044478886518444245
2025-04-28,14.36,14.47,14.28,14.44,54004024.0,777307889.0,12661906223.0,0.00426507849994207
2025-04-29,14.44,14.55,14.39,14.47,45616432.0,659799198.0,12661906223.0,0.00360265122775424
2025-04-30,14.5,14.6,14.34,14.36,78164067.0,1130390374.0,12661906223.0,0.006173167422296743
2025-05-06,14.46,14.56,14.4,14.56,79823907.0,1158512833.0,12661906223.0,0.0063042566888548025
2025-05-07,14.79,14.83,14.63,14.8,90885581.0,1340794752.0,12661906223.0,0.007177875068677169
2025-05-08,14.74,14.83,14.66,14.67,64136410.0,944199867.0,12661906223.0,0.0050653044549878274
2025-05-09,14.69,14.94,14.67,14.91,86625824.0,1284971076.0,12661906223.0,0.006841452027392732
2025-05-12,15.03,15.35,15.03,15.25,102667868.0,1558857351.0,12661906223.0,0.008108405337381719
2025-05-13,15.8,15.8,15.32,15.67,195027592.0,3035398155.0,12661906223.0,0.015402703871375845
2025-05-14,15.78,16.5,15.71,16.37,290184680.0,4689610343.0,12661906223.0,0.022917929961674143
2025-05-15,16.6,16.66,15.96,16.06,240373313.0,3889489633.0,12661906223.0,0.01898397514296612
2025-05-16,15.88,16.12,15.81,16.05,142319311.0,2273036295.0,12661906223.0,0.011239959331042979
2025-05-19,16.14,16.45,16.06,16.26,142150950.0,2308073703.0,12661906223.0,0.011226662675939485
2025-05-20,16.3,16.38,16.04,16.35,145928855.0,2367373758.0,12661906223.0,0.011525030467760398
2025-05-21,16.32,16.78,16.32,16.62,125329418.0,2084533445.0,12661906223.0,0.009898147703253606
2025-05-22,16.71,16.78,16.55,16.71,87306434.0,1455375250.0,12661906223.0,0.006895204597346511
2025-05-23,16.73,16.89,16.52,16.56,103302412.0,1724978517.0,12661906223.0,0.00815851975055336
2025-05-26,16.54,16.78,16.4,16.52,98857441.0,1634892086.0,12661906223.0,0.007807469053942937
2025-05-27,16.51,16.58,16.06,16.1,122339526.0,1987813108.0,12661906223.0,0.009662014853480248
2025-05-28,16.1,16.34,16.1,16.27,73499708.0,1193032323.0,12662070499.0,0.005804714798089674
2025-05-29,16.39,16.6,16.32,16.38,80116289.0,1317500088.0,12662070499.0,0.006327266066503678
2025-05-30,16.4,16.7,16.32,16.39,79285222.0,1304326214.0,12609887153.0,0.006287544134059706
2025-06-03,16.33,16.36,16.13,16.22,72918716.0,1184409169.0,12609887153.0,0.005782662058371554
2025-06-04,16.3,16.3,16.11,16.13,57796651.0,933556631.0,12609887153.0,0.004583439193288076
2025-06-05,16.12,16.17,15.85,15.92,91080580.0,1452261783.0,12609887153.0,0.0072229496501347475
2025-06-06,15.99,16.09,15.9,15.93,51068536.0,815628606.0,12609887153.0,0.004049880493010626
2025-06-09,15.96,16.0,15.82,15.91,45154329.0,718284659.0,12609887153.0,0.0035808670174544265
2025-06-10,15.92,16.07,15.88,15.99,78409166.0,1253308411.0,12609887153.0,0.006218070395764469
2025-06-11,16.04,16.2,15.99,16.02,93477715.0,1504469827.0,12609887153.0,0.007413049289482408
2025-06-12,16.06,16.09,15.85,15.92,63064319.0,1004313426.0,12609887153.0,0.005001180282965217
2025-06-13,15.89,16.42,15.89,16.19,140107581.0,2270646020.0,12609887153.0,0.011110930597556315
2025-06-16,16.25,16.27,16.0,16.12,63359652.0,1019131169.0,12609887153.0,0.005024601031812263
2025-06-17,16.16,16.41,16.1,16.34,88149927.0,1436074312.0,12609935239.0,0.006990513855088642
2025-06-18,16.37,16.41,16.27,16.34,54033347.0,883115257.0,12609935239.0,0.0042849821173455115
2025-06-19,16.31,16.33,16.05,16.12,76085540.0,1228419671.0,12609935239.0,0.006033777220733274
2025-06-20,16.1,16.36,16.07,16.33,66795397.0,1084140985.0,12609935239.0,0.0052970452055467535
2025-06-23,16.47,16.56,16.13,16.27,105073208.0,1706416031.0,12609935239.0,0.008332573166199113
2025-06-24,16.15,16.34,15.9,16.19,126420430.0,2046639322.0,12609935239.0,0.01002546227271707
2025-06-25,15.25,15.28,14.86,15.06,166253258.0,2492971497.0,12609935239.0,0.01318430704432264
2025-06-26,14.96,15.15,14.95,15.0,77199048.0,1162890294.0,12609935239.0,0.006122081242831354
2025-06-27,15.0,15.07,14.96,15.04,55228121.0,830040149.0,12609935239.0,0.0043797307403443675
2025-06-30,15.06,15.13,15.0,15.04,47122581.0,709096585.0,12609935239.0,0.0037369407619366126
2025-07-01,15.09,15.26,15.03,15.24,68274485.0,1033220688.0,12609935239.0,0.005414340653300162
2025-07-02,15.28,15.32,15.2,15.26,64889564.0,989995640.0,12609935239.0,0.005145907791763243
2025-07-03,15.26,15.53,15.23,15.5,72388033.0,1115791450.0,12609935239.0,0.005740555492792567
2025-07-04,15.49,15.59,15.39,15.48,55717369.0,863096879.0,12609935239.0,0.004418529353559038
2025-07-07,15.46,15.48,15.34,15.41,40734581.0,627076306.0,12609935239.0,0.003230356082560687
2025-07-08,15.44,15.47,15.27,15.32,55672145.0,854127863.0,12609935239.0,0.004414942975108803
2025-07-09,15.33,15.38,15.21,15.23,49420436.0,756452740.0,12609935239.0,0.003919166519361059
2025-07-10,15.23,15.28,15.2,15.22,57294696.0,873058548.0,12609935239.0,0.00454361540436774
2025-07-11,15.25,15.48,15.23,15.23,87435205.0,1342742973.0,12609935239.0,0.006933834579069086
2025-07-14,15.3,15.47,15.3,15.33,54432178.0,836823664.0,12609935239.0,0.004316610432038714
2025-07-15,15.39,15.43,15.26,15.35,57198596.0,878060406.0,12609935239.0,0.004535994429463541
2025-07-16,15.35,15.6,15.35,15.39,63125117.0,974072664.0,12609935239.0,0.005005982648092171
2025-07-17,15.44,15.47,15.16,15.17,96723274.0,1472603012.0,12609935239.0,0.007670402120770162
2025-07-18,15.19,15.31,15.18,15.29,53520675.0,816516448.0,12609935239.0,0.004244325921236398
2025-07-21,15.3,15.61,15.3,15.61,110384795.0,1709862046.0,12609935239.0,0.008753795551511
2025-07-22,15.63,16.49,15.61,16.18,166920519.0,2676347088.0,12609935239.0,0.013237222542091122
2025-07-23,16.29,16.34,16.07,16.11,103191712.0,1667394181.0,12609935239.0,0.008183365738536764
2025-07-24,16.19,16.43,16.11,16.34,102110411.0,1662429156.0,12609935239.0,0.008097615813615996
2025-07-25,16.4,16.72,16.24,16.43,120720989.0,1986118373.0,12609935239.0,0.009573482076786105
2025-07-28,16.47,16.5,15.95,15.97,146251361.0,2351015792.0,12609935239.0,0.011598105638772345
2025-07-29,15.97,16.04,15.81,15.9,81785642.0,1300618102.0,12609935239.0,0.006485809835648752
2025-07-30,15.9,16.12,15.86,15.98,76548716.0,1224416087.0,12609935239.0,0.006070508257905257
2025-07-31,15.95,15.98,15.59,15.64,105491282.0,1655220218.0,12609935239.0,0.00836572749983177
2025-08-01,15.66,15.71,15.46,15.5,69558045.0,1082402189.0,12609935239.0,0.005516130232363995
2025-08-04,15.35,15.45,15.29,15.4,77537594.0,1191941104.0,12609935239.0,0.006148928803392406
2025-08-05,15.44,15.48,15.37,15.46,67156783.0,1036604432.0,12609935239.0,0.0053257040363139645
2025-08-06,15.46,15.64,15.41,15.63,71222806.0,1107536476.0,12609935239.0,0.005648150022192195
2025-08-07,15.65,15.74,15.54,15.64,58658132.0,917158067.0,12609935239.0,0.004651739353790031
2025-08-08,15.71,15.9,15.61,15.79,74343013.0,1174264907.0,12609935239.0,0.005895590388923805
2025-08-11,15.79,15.8,15.64,15.67,63964076.0,1003036216.0,12609935239.0,0.005072514234821123
2025-08-12,15.72,15.79,15.65,15.66,64791141.0,1017894777.0,12609935239.0,0.005138102597039039
2025-08-13,15.75,15.76,15.62,15.65,65782288.0,1030340762.0,12609935239.0,0.0052167030800085775
2025-08-14,15.66,15.77,15.56,15.56,73710908.0,1155295609.0,12609935239.0,0.005845462851547956
2025-08-15,15.54,15.58,15.41,15.46,85925229.0,1331065501.0,12609935239.0,0.006814089634199746
2025-08-18,15.46,15.6,15.4,15.4,105957506.0,1642618691.0,12609935239.0,0.00840270025117137
2025-08-19,15.43,15.49,15.28,15.29,99559441.0,1529160232.0,12609935239.0,0.007895317391645488
2025-08-20,15.3,15.57,15.2,15.55,102649635.0,1583307880.0,12609935239.0,0.008140377650991043
2025-08-21,15.55,15.72,15.51,15.66,91481552.0,1431464417.0,12609935239.0,0.0072547202080043924
2025-08-22,15.67,15.71,15.51,15.67,71880842.0,1120868060.0,12609935239.0,0.005700333953951403
2025-08-25,15.67,15.95,15.64,15.94,122579870.0,1934976832.0,12609935239.0,0.009720896077315692
2025-08-26,15.91,16.05,15.8,15.96,95673612.0,1526040891.0,12609935239.0,0.007587161249179196
2025-08-27,15.92,16.0,15.61,15.65,126674691.0,2004529723.0,12609935239.0,0.010045625817983631
2025-08-28,15.62,15.95,15.62,15.94,96658819.0,1525536168.0,12609935239.0,0.007665290675011055
2025-08-29,15.6,15.61,15.28,15.28,270810072.0,4170771882.0,12609935239.0,0.02147592885032738
2025-09-01,15.22,15.29,15.13,15.19,131305881.0,1994255137.0,12609935239.0,0.01041289098725085
2025-09-02,15.22,15.4,15.18,15.33,108642771.0,1660980207.0,12609935239.0,0.008615648608883392
2025-09-03,15.4,15.42,15.11,15.16,84549689.0,1283963844.0,12609935239.0,0.006705005806731249
2025-09-04,15.14,15.22,14.93,15.16,106940524.0,1609065017.0,12609935239.0,0.008480656083724714
2025-09-05,15.16,15.17,15.05,15.12,63681402.0,962712588.0,12609935239.0,0.005050097466245997
2025-09-08,15.05,15.26,15.03,15.23,79996802.0,1215285299.0,12609935239.0,0.006343950264913807
2025-09-09,15.21,15.24,15.07,15.11,64442152.0,976656495.0,12609935239.0,0.005110426879964725
2025-09-10,15.11,15.13,15.02,15.05,51544287.0,776633932.0,12609935239.0,0.0040875933161483545
2025-09-11,15.03,15.08,14.93,15.08,84163593.0,1262958809.0,12609935239.0,0.006674387409992312
2025-09-12,15.06,15.17,14.99,15.01,67342989.0,1014182989.0,12609935239.0,0.005340470646647069
2025-09-15,15.01,15.02,14.88,14.95,67416749.0,1006372570.0,12609935239.0,0.005346320002619325
2025-09-16,14.95,15.0,14.87,14.9,52793686.0,787224227.0,12609935239.0,0.004186673840855242
2025-09-17,14.91,15.01,14.87,14.94,60998562.0,911800579.0,12609935239.0,0.004837341417213919
2025-09-18,14.95,14.98,14.62,14.69,110140998.0,1628038320.0,12609935239.0,0.008734461828111217
2025-09-19,14.68,14.9,14.62,14.88,80215333.0,1189060511.0,12609935239.0,0.006361280330124937
2025-09-22,14.81,14.82,14.43,14.43,118070513.0,1716832064.0,12609935239.0,0.00936329257543144
2025-09-23,14.45,14.56,14.33,14.53,82429331.0,1191489836.0,12609935239.0,0.006536856013745623
2025-09-24,14.49,14.54,14.37,14.43,68111945.0,983544281.0,12609935239.0,0.0054014508170782205
2025-09-25,14.45,14.45,14.33,14.37,52020051.0,747626296.0,12609935239.0,0.004125322613799984
2025-09-26,14.33,14.43,14.3,14.36,48273584.0,692823268.0,12609935239.0,0.003828218233088104
2025-09-29,14.3,14.34,14.11,14.25,86010193.0,1220450352.0,12609935239.0,0.006820827495924621
2025-09-30,14.25,14.35,14.2,14.34,60195554.0,859447904.0,12609935239.0,0.0047736608364036025
2025-10-09,14.15,14.39,14.03,14.38,87469373.0,1243922171.0,12609935239.0,0.006936544188543869
2025-10-10,14.3,14.61,14.28,14.52,90378721.0,1309618949.0,12609935239.0,0.007167262899215909
2025-10-13,14.26,14.48,14.2,14.44,90950464.0,1304116469.0,12609935239.0,0.007212603576163378
2025-10-14,14.59,14.93,14.58,14.87,143586307.0,2125107122.0,12609935239.0,0.011386760064866658
2025-10-15,14.86,14.86,14.62,14.74,85770427.0,1261052210.0,12609935239.0,0.006801813441097562
2025-10-16,14.75,14.99,14.74,14.99,119397126.0,1781025686.0,12609935239.0,0.009468496367112866
2025-10-17,15.02,15.1,14.9,14.96,93005742.0,1393718134.0,12609935239.0,0.007375592359297128
2025-10-20,14.9,14.99,14.76,14.86,68384641.0,1016121097.0,12609935239.0,0.005423076304825105
2025-10-21,14.9,14.97,14.78,14.93,68877793.0,1026414418.0,12609935239.0,0.005462184515188849
2025-10-22,14.94,15.07,14.94,15.03,67324930.0,1010917233.0,12609935239.0,0.005339038521924958
2025-10-23,14.97,15.07,14.9,15.05,74896306.0,1123791124.0,12609935239.0,0.0059394679338527255
2025-10-24,14.6,14.67,14.5,14.51,86367360.0,1258591588.0,12609935239.0,0.006849151749240003
2025-10-27,14.65,14.91,14.6,14.87,116631635.0,1728043849.0,12609935239.0,0.009249185883150435
2025-10-28,14.89,14.91,14.76,14.76,68089701.0,1008722785.0,12609935239.0,0.005399686811190926
2025-10-29,14.8,14.9,14.65,14.84,59869591.0,886316462.0,12609935239.0,0.004747811139809455
2025-10-30,14.87,15.02,14.82,14.88,87714104.0,1310191633.0,12609935239.0,0.006955951980523887
2025-10-31,15.03,15.33,15.01,15.01,124334743.0,1879724664.0,12609935239.0,0.009860061978388087
2025-11-03,15.03,15.25,15.03,15.19,92940607.0,1409913092.0,12609935239.0,0.007370426987805088
2025-11-04,15.2,15.26,14.98,15.03,73342365.0,1109677631.0,12609935239.0,0.005816236452441626
2025-11-05,14.95,15.09,14.86,15.02,61746735.0,926214988.0,12609935239.0,0.004896673442781033
2025-11-06,15.05,15.23,14.98,15.15,66074078.0,1000455738.0,12609935239.0,0.0052398427706152
2025-11-07,15.17,15.5,15.12,15.44,116538980.0,1793000925.0,12609935239.0,0.009241838105525578
2025-11-10,15.46,15.52,15.35,15.41,77356793.0,1194328164.0,12609935239.0,0.006134590823333569
2025-11-11,15.43,15.48,15.25,15.39,59998113.0,922858215.0,12609935239.0,0.004758003261938878
2025-11-12,15.4,15.55,15.39,15.46,63195238.0,978377697.0,12609935239.0,0.0050115434220906864
2025-11-13,15.48,15.55,15.38,15.54,65936863.0,1020330054.0,12609935239.0,0.005228961271432268
2025-11-14,15.49,15.56,15.31,15.33,55188993.0,851650579.0,12609935239.0,0.004376627790229367
2025-11-17,15.31,15.35,15.01,15.08,73748475.0,1113959579.0,12609935239.0,0.005848442010384856
2025-11-18,15.04,15.08,14.95,14.97,80034371.0,1199377489.0,12609935239.0,0.006346929582355804
2025-11-19,15.06,15.28,15.04,15.25,65599017.0,996684199.0,12609935239.0,0.005202169222655117
2025-11-20,15.27,15.29,15.05,15.08,47725355.0,724520998.0,12609935239.0,0.0037847422762644373
2025-11-21,15.02,15.13,14.92,14.97,84227499.0,1263946219.0,12609935239.0,0.006679455318652331
2025-11-24,14.97,15.0,14.83,14.83,71889119.0,1072024143.0,12609935239.0,0.005700990341144765
2025-11-25,14.87,14.88,14.68,14.77,57624393.0,850644027.0,12609935239.0,0.004569761216677728
2025-11-26,14.77,14.83,14.7,14.7,43710913.0,644182481.0,12609935239.0,0.003466386795136815
2025-11-27,14.71,14.72,14.63,14.67,40361959.0,592028916.0,12609935239.0,0.003200806208359307
2025-11-28,14.66,14.68,14.58,14.61,41431954.0,605348979.0,12609938239.0,0.0032856587569841784
2025-12-01,14.6,15.12,14.6,15.12,90996288.0,1358305942.0,12609938239.0,0.0072162358193449995
2025-12-02,15.11,15.11,14.93,14.96,41085152.0,616468895.0,12609938239.0,0.0032581564811262832
2025-12-03,14.94,15.08,14.92,14.97,33268183.0,499010415.0,12609938239.0,0.002638251065901989
2025-12-04,14.99,15.1,14.96,15.03,28263354.0,424716902.0,12609938239.0,0.002241355466166134
2025-12-05,15.03,15.08,14.94,14.98,33309426.0,499449569.0,12609938239.0,0.002641521740128802
2025-12-08,15.01,15.03,14.83,14.85,44954562.0,670371113.0,12609938239.0,0.003565010482046977
2025-12-09,14.86,15.0,14.81,14.95,39403433.0,587386747.0,12609938239.0,0.003124791910410244
2025-12-10,14.96,14.96,14.85,14.93,39818279.0,593333664.0,12609938239.0,0.0031576902475898
2025-12-11,14.93,15.08,14.93,15.03,65051469.0,977650829.0,12609938239.0,0.0051587460435618075
2025-12-12,15.05,15.12,14.98,14.98,87930699.0,1323046129.0,12609938239.0,0.0069731268570410645
2025-12-15,14.99,15.22,14.9,15.04,60300100.0,910007972.0,12609938239.0,0.004781950462969274
2025-12-16,15.04,15.06,14.86,14.97,50046363.0,748324559.0,12609938239.0,0.003968803181384083
2025-12-17,14.99,15.22,14.94,15.16,77053627.0,1166665607.0,12609938239.0,0.006110547533190023
2025-12-18,15.16,15.4,15.13,15.37,68833989.0,1052324749.0,12609938239.0,0.005458709447688675
2025-12-19,15.33,15.4,15.18,15.29,51438534.0,786676255.0,12609938239.0,0.00407920586326989
2025-12-22,15.3,15.37,15.24,15.34,50591651.0,774294113.0,12609938239.0,0.0040120458991250415
2025-12-23,15.36,15.49,15.29,15.4,60750530.0,935011432.0,12609938239.0,0.00481767070136084
2025-12-24,15.41,15.45,15.24,15.34,46433917.0,711605146.0,12609938239.0,0.003682327075670303
2025-12-25,15.29,15.3,15.15,15.17,43010804.0,654800999.0,12609938239.0,0.003410865555786486
2025-12-26,15.15,15.27,15.11,15.24,45150768.0,685743927.0,12609938239.0,0.0035805701141626346
2025-12-29,15.23,15.3,15.15,15.21,44011912.0,670256017.0,12609938239.0,0.003490255952553361
2025-12-30,15.17,15.45,15.07,15.27,54747512.0,834629401.0,12609938239.0,0.004341616188941907
2025-12-31,15.26,15.39,15.15,15.18,41444631.0,631912146.0,12610063173.0,0.003286631512579497
